step,dataset,ood_dataset,model,phase,acc,f1,precision,recall,ap
transfer_ensemble_compare,NF-CICIDS2018-v3.csv,NF-BoT-IoT-v3.csv,Voting,retrain_models,0.0036666666666666666,0.002003338898163606,1.0,0.001002673796791444,0.9958723261006108
transfer_ensemble_compare,NF-CICIDS2018-v3.csv,NF-BoT-IoT-v3.csv,Stacking,retrain_models,0.009666666666666667,0.014593698175787729,0.9565217391304348,0.007352941176470588,0.9952764371574602
transfer_ensemble_compare,NF-CICIDS2018-v3.csv,NF-BoT-IoT-v3.csv,XGBoostStacking,retrain_models,0.023666666666666666,0.04187111547268564,0.9846153846153847,0.0213903743315508,0.9969887693667745
transfer_ensemble_compare,NF-CICIDS2018-v3.csv,NF-BoT-IoT-v3.csv,Voting,transfer_retrain_models,0.171,0.2888189877037461,1.0,0.16878342245989306,0.9993390913293809
transfer_ensemble_compare,NF-CICIDS2018-v3.csv,NF-BoT-IoT-v3.csv,Stacking,transfer_retrain_models,0.06733333333333333,0.12178279974890144,1.0,0.06483957219251336,0.9990041277691838
transfer_ensemble_compare,NF-CICIDS2018-v3.csv,NF-BoT-IoT-v3.csv,XGBoostStacking,transfer_retrain_models,0.145,0.2502192341420637,0.9976689976689976,0.14304812834224598,0.998944643627513
