step,dataset,eval_case,model,phase,acc,f1,precision,recall,ap
best_ensemble,NF-CICIDS2018-v3.csv,base_NF_CICIDS2018_v3,Voting,before_retrain,0.9925910478123122,0.9705869292564682,0.9971229410476631,0.9454266880182091,0.9793629166398143
best_ensemble,NF-CICIDS2018-v3.csv,base_NF_CICIDS2018_v3,Stacking,before_retrain,0.9925522718019362,0.9705601172761206,0.9925942747815462,0.949482968428297,0.987584142531003
best_ensemble,NF-CICIDS2018-v3.csv,base_NF_CICIDS2018_v3,XGBoostStacking,before_retrain,0.9930399547016658,0.9724122914616136,0.9973524656426839,0.9486890140162751,0.9892005162884666
best_ensemble,NF-CICIDS2018-v3.csv,base_NF_CICIDS2018_v3,Voting,after_retrain,0.9904876978135798,0.9619212035880775,0.9970070996299611,0.9292207904556299,0.9651585454804781
best_ensemble,NF-CICIDS2018-v3.csv,base_NF_CICIDS2018_v3,Stacking,after_retrain,0.9928565143448868,0.9716846821017121,0.996624776164048,0.9479623438764584,0.9779460795666383
best_ensemble,NF-CICIDS2018-v3.csv,base_NF_CICIDS2018_v3,XGBoostStacking,after_retrain,0.9930474116267382,0.9724481463495838,0.997149679212657,0.9489408494351005,0.9884981329624832
