step,dataset,model,acc,f1,precision,recall,ap
best_ensemble,NF-CICIDS2018-v3.csv,Stacking_best,0.9926183898709107,0.9708074760071209,0.9933454033393684,0.9492695811650176,0.9879249960612914
best_ensemble,NF-CICIDS2018-v3.csv,XGBoostStacking_best,0.9930901646638195,0.9726333115770178,0.9967373934659091,0.9496675195749172,0.9891607174200567
