step,dataset,model,acc,f1,precision,recall,ap
baseline,NF-CICIDS2018-v3.csv,RandomForest,0.9928269352087665,0.9715568714726992,0.9968831221367098,0.9474855867476898,0.9747738237155119
baseline,NF-CICIDS2018-v3.csv,SGD,0.934490913239671,0.7862842407434438,0.6799658905552463,0.9320121265482592,0.6425271760402645
baseline,NF-CICIDS2018-v3.csv,AE,0.9060437383454475,0.5549102863911791,0.7160360645076989,0.45297886697130424,0.5818947948573712
baseline,NF-CICIDS2018-v3.csv,LSTM,0.9921225043536014,0.968942687243492,0.9882399976012234,0.9503845776758475,0.9879043109572567
baseline,NF-CICIDS2018-v3.csv,DSFANet,0.9921021220917371,0.9688228552589232,0.9894220613552508,0.9490638835328472,0.9784112600281167
ensemble,NF-CICIDS2018-v3.csv,Voting,0.9925910478123122,0.9705869292564682,0.9971229410476631,0.9454266880182091,0.9793629166398143
ensemble,NF-CICIDS2018-v3.csv,Stacking,0.9925522718019362,0.9705601172761206,0.9925942747815462,0.949482968428297,0.987584142531003
ensemble,NF-CICIDS2018-v3.csv,XGBoostStacking,0.9930399547016658,0.9724122914616136,0.9973524656426839,0.9486890140162751,0.9892005162884666
