step,dataset,model,acc,f1,precision,recall,ap
baseline,NF-UNSW-NB15-v3.csv,RandomForest,0.9991666666666666,0.9957805907172996,0.9915966386554622,1.0,1.0
baseline,NF-UNSW-NB15-v3.csv,SVM,0.9991666666666666,0.9957446808510638,1.0,0.9915254237288136,0.9999464379259316
baseline,NF-UNSW-NB15-v3.csv,AE,0.8845833333333334,0.593245227606461,0.45393258426966293,0.8559322033898306,0.7843911732957324
baseline,NF-UNSW-NB15-v3.csv,LSTM,0.9991666666666666,0.9957805907172996,0.9915966386554622,1.0,1.0
baseline,NF-UNSW-NB15-v3.csv,DSFANet,0.9991666666666666,0.9957627118644068,0.9957627118644068,0.9957627118644068,0.9980937141954092
ensemble,NF-UNSW-NB15-v3.csv,Voting,0.9995833333333334,0.9978858350951374,0.9957805907172996,1.0,1.0
ensemble,NF-UNSW-NB15-v3.csv,Stacking,0.9991666666666666,0.9957627118644068,0.9957627118644068,0.9957627118644068,0.9999821211471072
ensemble,NF-UNSW-NB15-v3.csv,XGBoostStacking,0.9991666666666666,0.9957805907172996,0.9915966386554622,1.0,0.9915966386554622
