step,dataset,model,acc,f1,precision,recall,ap
baseline,NF-UNSW-NB15-v3.csv,RandomForest,0.9991,0.9948096885813149,0.9902411021814007,0.9994206257242179,0.9999752130399022
baseline,NF-UNSW-NB15-v3.csv,SVM,0.99955,0.997398091934085,0.9953837276399308,0.9994206257242179,0.9986252216072844
baseline,NF-UNSW-NB15-v3.csv,AE,0.8985,0.2602040816326531,0.3506876227897839,0.20683661645422943,0.23941104769775734
baseline,NF-UNSW-NB15-v3.csv,LSTM,0.9137,0.0,0.0,0.0,0.07159610182372529
baseline,NF-UNSW-NB15-v3.csv,DSFANet,0.9137,0.0,0.0,0.0,0.8213454130798774
ensemble,NF-UNSW-NB15-v3.csv,Voting,0.9983,0.9901847575057737,0.9867663981588032,0.9936268829663963,0.9913445081845721
ensemble,NF-UNSW-NB15-v3.csv,Stacking,0.9994,0.9965277777777778,0.9953757225433526,0.9976825028968713,0.9984232256638572
