step,dataset,model,acc,f1,precision,recall,ap
baseline,NF-UNSW-NB15-v3.csv,RandomForest,0.9995,0.997624703087886,0.995260663507109,1.0,1.0
baseline,NF-UNSW-NB15-v3.csv,SVM,0.9985,0.9928057553956835,1.0,0.9857142857142858,0.9998437980585209
baseline,NF-UNSW-NB15-v3.csv,AE,0.903,0.6535714285714286,0.5228571428571429,0.8714285714285714,0.7733845073827385
baseline,NF-UNSW-NB15-v3.csv,LSTM,0.9975,0.9880668257756563,0.9904306220095693,0.9857142857142858,0.9941632579191992
baseline,NF-UNSW-NB15-v3.csv,DSFANet,0.9995,0.9976133651551312,1.0,0.9952380952380953,0.9957380952380952
ensemble,NF-UNSW-NB15-v3.csv,Voting,0.9995,0.9976133651551312,1.0,0.9952380952380953,0.9999774317309862
ensemble,NF-UNSW-NB15-v3.csv,Stacking,0.999,0.9952153110047847,1.0,0.9904761904761905,0.9999774317309862
ensemble,NF-UNSW-NB15-v3.csv,XGBoostStacking,1.0,1.0,1.0,1.0,1.0
