step,dataset,model,acc,f1,precision,recall,ap
baseline,NF-UNSW-NB15-v3.csv,RandomForest,0.999875,0.9992852037169406,0.9985714285714286,1.0,0.9999959096043017
baseline,NF-UNSW-NB15-v3.csv,SVM,0.999625,0.9978525411596277,0.998567335243553,0.9971387696709585,0.9969243279101747
baseline,NF-UNSW-NB15-v3.csv,AE,0.91225,0.002840909090909091,0.2,0.001430615164520744,0.30615686718242197
baseline,NF-UNSW-NB15-v3.csv,LSTM,0.912625,0.0,0.0,0.0,0.09378838926561855
baseline,NF-UNSW-NB15-v3.csv,DSFANet,0.999625,0.9978525411596277,0.998567335243553,0.9971387696709585,0.9977954636134102
ensemble,NF-UNSW-NB15-v3.csv,Voting,0.999625,0.9978525411596277,0.998567335243553,0.9971387696709585,0.9999918396002317
ensemble,NF-UNSW-NB15-v3.csv,Stacking,0.999625,0.9978525411596277,0.998567335243553,0.9971387696709585,0.9999918074798582
