step,dataset,model,acc,f1,precision,recall,ap
baseline,NF-UNSW-NB15-v3.csv,RandomForest,1.0,1.0,1.0,1.0,1.0
baseline,NF-UNSW-NB15-v3.csv,SVM,0.99985,0.9991301826616411,1.0,0.9982618771726536,0.999976743430116
baseline,NF-UNSW-NB15-v3.csv,AE,0.9278,0.3044315992292871,0.9028571428571428,0.18308227114716108,0.7191008320777094
baseline,NF-UNSW-NB15-v3.csv,LSTM,0.9137,0.0,0.0,0.0,0.07951476636138914
baseline,NF-UNSW-NB15-v3.csv,DSFANet,0.9994,0.9965116279069768,1.0,0.9930475086906141,0.9983510416855162
ensemble,NF-UNSW-NB15-v3.csv,Voting,0.99995,0.9997102289191538,1.0,0.9994206257242179,0.9999946785370766
ensemble,NF-UNSW-NB15-v3.csv,Stacking,0.9997,0.9982588508415554,1.0,0.996523754345307,1.0
