step,dataset,model,acc,f1,precision,recall,ap
baseline,NF-UNSW-NB15-v3.csv,RandomForest,0.999875,0.9992852037169406,0.9985714285714286,1.0,0.9999959096043017
baseline,NF-UNSW-NB15-v3.csv,SVM,0.999625,0.9978525411596277,0.998567335243553,0.9971387696709585,0.9969243279101747
baseline,NF-UNSW-NB15-v3.csv,AE,0.961875,0.8209042865531415,0.6962151394422311,1.0,0.9052421199968917
baseline,NF-UNSW-NB15-v3.csv,LSTM,0.999,0.9942938659058488,0.9914651493598862,0.9971387696709585,0.9979867078490685
baseline,NF-UNSW-NB15-v3.csv,DSFANet,0.999625,0.9978525411596277,0.998567335243553,0.9971387696709585,0.9986717119000053
ensemble,NF-UNSW-NB15-v3.csv,Voting,0.999625,0.9978525411596277,0.998567335243553,0.9971387696709585,0.9995524176437638
ensemble,NF-UNSW-NB15-v3.csv,Stacking,0.999625,0.9978525411596277,0.998567335243553,0.9971387696709585,0.9999918396002317
