step,dataset,model,acc,f1,precision,recall,ap
baseline,NF-UNSW-NB15-v3.csv,RandomForest,1.0,1.0,1.0,1.0,1.0
baseline,NF-UNSW-NB15-v3.csv,SVM,0.99985,0.9991301826616411,1.0,0.9982618771726536,0.999976743430116
baseline,NF-UNSW-NB15-v3.csv,AE,0.91955,0.13448090371167296,0.9398496240601504,0.07242178447276941,0.6912024749556035
baseline,NF-UNSW-NB15-v3.csv,LSTM,0.9137,0.0,0.0,0.0,0.08003925378494176
baseline,NF-UNSW-NB15-v3.csv,DSFANet,0.99965,0.9979680696661829,1.0,0.9959443800695249,0.9982438260425365
ensemble,NF-UNSW-NB15-v3.csv,Voting,0.9999,0.9994202898550725,1.0,0.9988412514484357,0.9997710111481842
ensemble,NF-UNSW-NB15-v3.csv,Stacking,0.99975,0.9985494633014216,1.0,0.9971031286210892,1.0
