step,dataset,model,acc,f1,precision,recall,ap
baseline,NF-UNSW-NB15-v3.csv,RandomForest,1.0,1.0,1.0,1.0,1.0
baseline,NF-UNSW-NB15-v3.csv,SVM,0.9991666666666666,0.9963636363636363,1.0,0.9927536231884058,1.0
baseline,NF-UNSW-NB15-v3.csv,AE,0.9383333333333334,0.7701863354037267,0.6739130434782609,0.8985507246376812,0.8015662296280709
baseline,NF-UNSW-NB15-v3.csv,LSTM,0.9916666666666667,0.9629629629629629,0.9848484848484849,0.9420289855072463,0.9841656231941637
baseline,NF-UNSW-NB15-v3.csv,DSFANet,0.9991666666666666,0.9963636363636363,1.0,0.9927536231884058,1.0
ensemble,NF-UNSW-NB15-v3.csv,Voting,0.9991666666666666,0.9963636363636363,1.0,0.9927536231884058,1.0
ensemble,NF-UNSW-NB15-v3.csv,Stacking,0.9991666666666666,0.9963636363636363,1.0,0.9927536231884058,1.0
ensemble,NF-UNSW-NB15-v3.csv,XGBoostStacking,1.0,1.0,1.0,1.0,1.0
