step,dataset,model,acc,f1,precision,recall,ap
baseline,NF-UNSW-NB15-v3.csv,RandomForest,0.9991,0.9948096885813149,0.9902411021814007,0.9994206257242179,0.9999752130399022
baseline,NF-UNSW-NB15-v3.csv,SVM,0.99955,0.997398091934085,0.9953837276399308,0.9994206257242179,0.9986252216072844
baseline,NF-UNSW-NB15-v3.csv,AE,0.9132,0.24783362218370883,0.49140893470790376,0.1657010428736964,0.25905880807617254
baseline,NF-UNSW-NB15-v3.csv,LSTM,0.9137,0.0,0.0,0.0,0.07129936223525613
baseline,NF-UNSW-NB15-v3.csv,DSFANet,0.9137,0.0,0.0,0.0,0.8658077840603086
ensemble,NF-UNSW-NB15-v3.csv,Voting,0.99865,0.9922122872800693,0.9879379666858128,0.996523754345307,0.9921691767486165
ensemble,NF-UNSW-NB15-v3.csv,Stacking,0.99935,0.9962373371924746,0.995373048004627,0.9971031286210892,0.9989110988281431
