step,dataset,model,acc,f1,precision,recall,ap
baseline,NF-ToN-IoT-v3.csv,RandomForest,0.9803333333333333,0.843915343915344,0.9522388059701492,0.7577197149643705,0.8727142867723763
baseline,NF-ToN-IoT-v3.csv,SVM,0.9503333333333334,0.5082508250825083,0.8324324324324325,0.3657957244655582,0.5460859631443878
baseline,NF-ToN-IoT-v3.csv,AE,0.9193333333333333,0.10037174721189591,0.23076923076923078,0.06413301662707839,0.16366089653189939
baseline,NF-ToN-IoT-v3.csv,LSTM,0.9155,0.546916890080429,0.4383954154727794,0.7268408551068883,0.5678471334980777
baseline,NF-ToN-IoT-v3.csv,DSFANet,0.9216666666666666,0.566420664206642,0.46304675716440424,0.7292161520190024,0.673168181460418
ensemble,NF-ToN-IoT-v3.csv,Voting,0.9676666666666667,0.7327823691460055,0.8721311475409836,0.6318289786223278,0.776152150041021
ensemble,NF-ToN-IoT-v3.csv,Stacking,0.9805,0.8466579292267365,0.9444444444444444,0.7672209026128266,0.8685086359233777
