step,dataset,model,acc,f1,precision,recall,ap
baseline,NF-UNSW-NB15-v3.csv,RandomForest,0.9991666666666666,0.9957805907172996,0.9915966386554622,1.0,0.9999643925366757
baseline,NF-UNSW-NB15-v3.csv,SVM,0.9991666666666666,0.9957446808510638,1.0,0.9915254237288136,0.9998769886586214
baseline,NF-UNSW-NB15-v3.csv,AE,0.89875,0.624420401854714,0.49148418491484186,0.8559322033898306,0.7925121499213995
baseline,NF-UNSW-NB15-v3.csv,LSTM,0.9991666666666666,0.9957805907172996,0.9915966386554622,1.0,1.0
baseline,NF-UNSW-NB15-v3.csv,DSFANet,0.9995833333333334,0.9978768577494692,1.0,0.9957627118644068,0.9961793785310734
ensemble,NF-UNSW-NB15-v3.csv,Voting,1.0,1.0,1.0,1.0,1.0
ensemble,NF-UNSW-NB15-v3.csv,Stacking,0.9995833333333334,0.9978768577494692,1.0,0.9957627118644068,1.0
