step,dataset,model,acc,f1,precision,recall,ap
baseline,NF-UNSW-NB15-v3.csv,RandomForest,0.9991,0.9948096885813149,0.9902411021814007,0.9994206257242179,0.9999752130399022
baseline,NF-UNSW-NB15-v3.csv,SVM,0.99955,0.997398091934085,0.9953837276399308,0.9994206257242179,0.9986252216072844
baseline,NF-UNSW-NB15-v3.csv,AE,0.92285,0.30651685393258427,0.6833667334669339,0.19756662804171496,0.35868857054553155
baseline,NF-UNSW-NB15-v3.csv,LSTM,0.9137,0.0,0.0,0.0,0.07042878345556688
baseline,NF-UNSW-NB15-v3.csv,DSFANet,0.9137,0.0,0.0,0.0,0.8731961716835538
ensemble,NF-UNSW-NB15-v3.csv,Voting,0.9987,0.9925028835063437,0.9879448909299655,0.9971031286210892,0.9921721300615797
ensemble,NF-UNSW-NB15-v3.csv,Stacking,0.9994,0.9965277777777778,0.9953757225433526,0.9976825028968713,0.9984929099405762
