step,dataset,model,acc,f1,precision,recall,ap
baseline,NF-UNSW-NB15-v3.csv,RandomForest,0.9995,0.9970731707317073,0.9941634241245136,1.0,0.9999885185238478
baseline,NF-UNSW-NB15-v3.csv,SVM,0.9993333333333333,0.996078431372549,0.9980353634577603,0.9941291585127201,0.9983136938296481
baseline,NF-UNSW-NB15-v3.csv,AE,0.9733333333333334,0.8646362098138748,0.7615499254843517,1.0,0.8705281090289608
baseline,NF-UNSW-NB15-v3.csv,LSTM,0.9986666666666667,0.9921875,0.9902534113060428,0.9941291585127201,0.997023018495384
baseline,NF-UNSW-NB15-v3.csv,DSFANet,0.9998333333333334,0.9990224828934506,0.998046875,1.0,0.9976700160426284
ensemble,NF-UNSW-NB15-v3.csv,Voting,0.9993333333333333,0.996078431372549,0.9980353634577603,0.9941291585127201,0.9999808140959777
ensemble,NF-UNSW-NB15-v3.csv,Stacking,0.9993333333333333,0.996078431372549,0.9980353634577603,0.9941291585127201,0.9999808140959777
ensemble,NF-UNSW-NB15-v3.csv,XGBoostStacking,0.9995,0.9970559371933267,1.0,0.9941291585127201,0.9946291585127202
