step,dataset,ood_dataset,model,phase,acc,f1,precision,recall,ap
transfer_ensemble_compare,NF-UNSW-NB15-v3.csv,NF-BoT-IoT-v3.csv,Voting,retrain_models,0.008333333333333333,0.011299435028248588,1.0,0.005681818181818182,0.9991656548222516
transfer_ensemble_compare,NF-UNSW-NB15-v3.csv,NF-BoT-IoT-v3.csv,Stacking,retrain_models,0.875,0.9331908070550508,0.9992369324685234,0.8753342245989305,0.999153913844114
transfer_ensemble_compare,NF-UNSW-NB15-v3.csv,NF-BoT-IoT-v3.csv,XGBoostStacking,retrain_models,0.012,0.01984126984126984,0.9375,0.010026737967914439,0.995179025025189
transfer_ensemble_compare,NF-UNSW-NB15-v3.csv,NF-BoT-IoT-v3.csv,Voting,transfer_retrain_models,0.88,0.9360568383658969,0.9988627748294162,0.8806818181818182,0.9996126208959227
transfer_ensemble_compare,NF-UNSW-NB15-v3.csv,NF-BoT-IoT-v3.csv,Stacking,transfer_retrain_models,0.88,0.9360568383658969,0.9988627748294162,0.8806818181818182,0.9995036895243259
transfer_ensemble_compare,NF-UNSW-NB15-v3.csv,NF-BoT-IoT-v3.csv,XGBoostStacking,transfer_retrain_models,0.09266666666666666,0.16656460502143294,0.9927007299270073,0.09090909090909091,0.9960659471870235
