step,dataset,model,acc,f1,precision,recall,ap
best_ensemble,NF-UNSW-NB15-v3.csv,Stacking_best,0.9999112210279336,0.9991780178487553,0.9988261533043784,0.9995301303888171,0.9999974170481141
best_ensemble,NF-UNSW-NB15-v3.csv,XGBoostStacking_best,0.9999619518691144,0.9996475977916128,0.9996475977916128,0.9996475977916128,0.9999995314711511
