step,dataset,model,acc,f1,precision,recall,ap
ablation,NF-UNSW-NB15-v3.csv,DSFANet_full,0.9998604901867529,0.9987078079724332,0.9987469162391823,0.9986687027683151,0.9999755152253434
ablation,NF-UNSW-NB15-v3.csv,DSFANet_s_only,0.9998055317754737,0.9981981981981982,0.9985502135496258,0.997846430948745,0.9998962814072712
ablation,NF-UNSW-NB15-v3.csv,DSFANet_t_only,0.9692254034687212,0.6236331204922059,0.917681071211199,0.472297270840675,0.7057553724838532
ablation,NF-UNSW-NB15-v3.csv,DSFANet_no_attn,0.9998689453269497,0.9987865502798763,0.9984738798669537,0.9990994165785662,0.9999656413760656
