step,dataset,model,acc,f1,precision,recall,ap
best_ensemble,NF-UNSW-NB15-v3.csv,Stacking_best,0.9998900831774417,0.9989820288947183,0.9989038092628117,0.9990602607776342,0.99999739447748
best_ensemble,NF-UNSW-NB15-v3.csv,XGBoostStacking_best,0.9999661794392128,0.9996867535925448,0.9996867535925448,0.9996867535925448,0.9999996049686151
