step,dataset,model,acc,f1,precision,recall,ap
ablation,NF-UNSW-NB15-v3.csv,DSFANet_full,0.9998266696259658,0.9983942977990131,0.9985898390066199,0.9981988331571322,0.9999613833864774
ablation,NF-UNSW-NB15-v3.csv,DSFANet_s_only,0.9998076455605229,0.9982176084614631,0.9986675027433767,0.9977681193468813,0.9998744706395393
ablation,NF-UNSW-NB15-v3.csv,DSFANet_t_only,0.9625585254235497,0.5200639445091717,0.8442118226600985,0.3757782215435217,0.6238198022611962
ablation,NF-UNSW-NB15-v3.csv,DSFANet_no_attn,0.9997886214950802,0.9980446599663682,0.9967972503222279,0.9992951955832257,0.9999779912852969
