step,dataset,model,acc,f1,precision,recall,ap
best_ensemble,NF-UNSW-NB15-v3.csv,Stacking_best,0.9999006521026876,0.999080216833989,0.9986697965571205,0.9994909745878852,0.9999980471621861
best_ensemble,NF-UNSW-NB15-v3.csv,XGBoostStacking_best,0.9999725207943604,0.9997454524093908,0.9998825003916654,0.9996084419906809,0.999999520887229
