step,dataset,model,acc,f1,precision,recall,ap
baseline,NF-UNSW-NB15-v3.csv,RandomForest,0.9999915448598032,0.9999216914643696,0.9998825417955444,0.999960844199068,0.9999999938682533
baseline,NF-UNSW-NB15-v3.csv,SGD,0.9995561051396683,0.9959035580524345,0.9923032069970845,0.9995301303888171,0.9918623192956276
baseline,NF-UNSW-NB15-v3.csv,AE,0.9842311635329803,0.8725527044111115,0.7739657523867253,0.9999216883981362,0.8488702774197397
baseline,NF-UNSW-NB15-v3.csv,LSTM,0.9998837418222941,0.9989238264816953,0.998357321652065,0.9994909745878852,0.9999786313944413
baseline,NF-UNSW-NB15-v3.csv,DSFANet,0.9997400044389486,0.9975962008247181,0.9958252048380803,0.9993735071850894,0.999645897253421
ensemble,NF-UNSW-NB15-v3.csv,Voting,0.9998900831774417,0.9989825865779691,0.9983575143717492,0.9996084419906809,0.9999968062910548
ensemble,NF-UNSW-NB15-v3.csv,Stacking,0.9999006521026876,0.999080324821446,0.9985527653915356,0.9996084419906809,0.9999981344895019
ensemble,NF-UNSW-NB15-v3.csv,XGBoostStacking,0.9999640656541636,0.99966716917595,0.9996867413266505,0.9996475977916128,0.9999995284729524
