step,dataset,model,acc,f1,precision,recall,ap
best_ensemble,NF-UNSW-NB15-v3.csv,Stacking_best,0.9998435799063593,0.998550611093701,0.9989810714425676,0.9981205215552684,0.9999973011692183
best_ensemble,NF-UNSW-NB15-v3.csv,XGBoostStacking_best,0.9999640656541636,0.9996671561429271,0.9997258771929824,0.9996084419906809,0.9999994107093828
