step,dataset,eval_case,model,phase,acc,f1,precision,recall,ap
best_ensemble,NF-UNSW-NB15-v3.csv,base_NF_UNSW_NB15_v3,Voting,before_retrain,0.9998900831774417,0.9989825865779691,0.9983575143717492,0.9996084419906809,0.9999968062910548
best_ensemble,NF-UNSW-NB15-v3.csv,base_NF_UNSW_NB15_v3,Stacking,before_retrain,0.9999006521026876,0.999080324821446,0.9985527653915356,0.9996084419906809,0.9999981344895019
best_ensemble,NF-UNSW-NB15-v3.csv,base_NF_UNSW_NB15_v3,XGBoostStacking,before_retrain,0.9999640656541636,0.99966716917595,0.9996867413266505,0.9996475977916128,0.9999995284729524
best_ensemble,NF-UNSW-NB15-v3.csv,base_NF_UNSW_NB15_v3,Voting,after_retrain,0.9865013686758194,0.8572578121507444,0.9988020209385906,0.750851638670269,0.9995822887491668
best_ensemble,NF-UNSW-NB15-v3.csv,base_NF_UNSW_NB15_v3,Stacking,after_retrain,0.9999302450933765,0.9993540431029421,0.9991780178487553,0.9995301303888171,0.999998907441563
best_ensemble,NF-UNSW-NB15-v3.csv,base_NF_UNSW_NB15_v3,XGBoostStacking,after_retrain,0.9999746345794096,0.9997650467948467,0.9998433522616017,0.9996867535925448,0.9999992871879467
