step,dataset,model,acc,f1,precision,recall,ap
baseline,NF-UNSW-NB15-v3.csv,RandomForest,0.9991,0.9948096885813149,0.9902411021814007,0.9994206257242179,0.9999752130399022
baseline,NF-UNSW-NB15-v3.csv,SVM,0.99955,0.997398091934085,0.9953837276399308,0.9994206257242179,0.9986252216072844
baseline,NF-UNSW-NB15-v3.csv,AE,0.93015,0.3505346350534635,0.8870588235294118,0.21842410196987253,0.47348712725494746
baseline,NF-UNSW-NB15-v3.csv,LSTM,0.9137,0.0,0.0,0.0,0.0741154159721768
baseline,NF-UNSW-NB15-v3.csv,DSFANet,0.9137,0.0,0.0,0.0,0.901409072126432
ensemble,NF-UNSW-NB15-v3.csv,Voting,0.9986,0.9919121894858464,0.9890552995391705,0.9947856315179606,0.9931560278020496
ensemble,NF-UNSW-NB15-v3.csv,Stacking,0.99945,0.9968180503326584,0.9953783939919122,0.9982618771726536,0.9984897445650758
