step,dataset,ood_dataset,model,phase,acc,f1,precision,recall,ap
transfer_ensemble_compare,NF-ToN-IoT-v3.csv,NF-BoT-IoT-v3.csv,Voting,retrain_models,0.165,0.2803792013789141,0.9979550102249489,0.16310160427807488,0.999211784508358
transfer_ensemble_compare,NF-ToN-IoT-v3.csv,NF-BoT-IoT-v3.csv,Stacking,retrain_models,0.5213333333333333,0.6845342706502636,0.9987179487179487,0.5207219251336899,0.999413607443283
transfer_ensemble_compare,NF-ToN-IoT-v3.csv,NF-BoT-IoT-v3.csv,XGBoostStacking,retrain_models,0.487,0.6539239937036204,0.9993127147766323,0.4859625668449198,0.9994615870361192
transfer_ensemble_compare,NF-ToN-IoT-v3.csv,NF-BoT-IoT-v3.csv,Voting,transfer_retrain_models,0.7023333333333334,0.8246612998232868,0.9995240361732508,0.7018716577540107,0.9993885793523712
transfer_ensemble_compare,NF-ToN-IoT-v3.csv,NF-BoT-IoT-v3.csv,Stacking,transfer_retrain_models,0.9846666666666667,0.9922584988219455,0.9993220338983051,0.9852941176470589,0.9995331374426208
transfer_ensemble_compare,NF-ToN-IoT-v3.csv,NF-BoT-IoT-v3.csv,XGBoostStacking,transfer_retrain_models,0.902,0.9483848314606742,0.9988905325443787,0.9027406417112299,0.9996264264855528
