step,dataset,eval_case,model,phase,acc,f1,precision,recall,ap
best_ensemble,NF-ToN-IoT-v3.csv,base_NF_ToN_IoT_v3,Voting,before_retrain,0.9566059695656945,0.942174127677748,0.9803483923106611,0.9068614085791027,0.9909968411608898
best_ensemble,NF-ToN-IoT-v3.csv,base_NF_ToN_IoT_v3,Stacking,before_retrain,0.9732854994829264,0.965678590002026,0.9672748544684011,0.9640875853895094,0.9951233867317258
best_ensemble,NF-ToN-IoT-v3.csv,base_NF_ToN_IoT_v3,XGBoostStacking,before_retrain,0.9785270924039235,0.9723327541817599,0.9767806422573686,0.9679251904703979,0.9963874903203306
best_ensemble,NF-ToN-IoT-v3.csv,base_NF_ToN_IoT_v3,Voting,after_retrain,0.9491507347677675,0.93156414096647,0.9798653920543864,0.8878010858455572,0.9904887425860897
best_ensemble,NF-ToN-IoT-v3.csv,base_NF_ToN_IoT_v3,Stacking,after_retrain,0.9785081972336017,0.9723148503543377,0.9765334007787881,0.9681325907935696,0.9952011674603134
best_ensemble,NF-ToN-IoT-v3.csv,base_NF_ToN_IoT_v3,XGBoostStacking,after_retrain,0.9789044507573693,0.972803900502155,0.9778010066908687,0.9678576105898139,0.9964848579669477
