step,dataset,model,acc,f1,precision,recall,ap
best_ensemble,NF-ToN-IoT-v3.csv,Stacking_best,0.9719681064059714,0.9641612020023772,0.961065981808533,0.9672764236167913,0.9949312248030794
best_ensemble,NF-ToN-IoT-v3.csv,XGBoostStacking_best,0.9763768583581696,0.9695089392183803,0.9756679835181173,0.9634271668323539,0.9959463609933136
