step,dataset,model,acc,f1,precision,recall,ap
baseline,NF-UNSW-NB15-v3.csv,RandomForest,0.9991666666666666,0.9957805907172996,0.9915966386554622,1.0,1.0
baseline,NF-UNSW-NB15-v3.csv,SVM,0.9991666666666666,0.9957446808510638,1.0,0.9915254237288136,0.9999464379259316
baseline,NF-UNSW-NB15-v3.csv,AE,0.9308333333333333,0.7077464788732394,0.6054216867469879,0.8516949152542372,0.7996521907472796
baseline,NF-UNSW-NB15-v3.csv,LSTM,0.99875,0.9936575052854123,0.9915611814345991,0.9957627118644068,0.9996148681713642
baseline,NF-UNSW-NB15-v3.csv,DSFANet,0.9995833333333334,0.9978858350951374,0.9957805907172996,1.0,1.0
ensemble,NF-UNSW-NB15-v3.csv,Voting,0.9995833333333334,0.9978858350951374,0.9957805907172996,1.0,1.0
ensemble,NF-UNSW-NB15-v3.csv,Stacking,0.9991666666666666,0.9957627118644068,0.9957627118644068,0.9957627118644068,0.9999821211471072
ensemble,NF-UNSW-NB15-v3.csv,XGBoostStacking,0.9991666666666666,0.9957805907172996,0.9915966386554622,1.0,0.9915966386554622
