step,dataset,model,acc,f1,precision,recall,ap
baseline,NF-UNSW-NB15-v3.csv,RandomForest,0.999875,0.9992852037169406,0.9985714285714286,1.0,0.9999959096043017
baseline,NF-UNSW-NB15-v3.csv,SVM,0.999625,0.9978525411596277,0.998567335243553,0.9971387696709585,0.9969243279101747
baseline,NF-UNSW-NB15-v3.csv,AE,0.93775,0.7373417721518988,0.5839598997493735,1.0,0.907362891614775
baseline,NF-UNSW-NB15-v3.csv,LSTM,0.999375,0.9964260185847034,0.9957142857142857,0.9971387696709585,0.9976846416472485
baseline,NF-UNSW-NB15-v3.csv,DSFANet,0.99725,0.9844632768361582,0.9721059972105998,0.9971387696709585,0.9983912395004155
ensemble,NF-UNSW-NB15-v3.csv,Voting,0.999625,0.9978525411596277,0.998567335243553,0.9971387696709585,0.999526590581771
ensemble,NF-UNSW-NB15-v3.csv,Stacking,0.999625,0.9978525411596277,0.998567335243553,0.9971387696709585,0.9999697829658265
