step,dataset,model,acc,f1,precision,recall,ap
baseline,NF-ToN-IoT-v3.csv,RandomForest,0.9803333333333333,0.843915343915344,0.9522388059701492,0.7577197149643705,0.8727142867723763
baseline,NF-ToN-IoT-v3.csv,SVM,0.9503333333333334,0.5082508250825083,0.8324324324324325,0.3657957244655582,0.5460859631443878
baseline,NF-ToN-IoT-v3.csv,AE,0.9101666666666667,0.07863247863247863,0.1402439024390244,0.05463182897862233,0.16004661799678452
baseline,NF-ToN-IoT-v3.csv,LSTM,0.8918333333333334,0.47619047619047616,0.3606356968215159,0.7007125890736342,0.3969436712307463
baseline,NF-ToN-IoT-v3.csv,DSFANet,0.9273333333333333,0.5733855185909981,0.4875207986688852,0.6959619952494062,0.6249919640187479
ensemble,NF-ToN-IoT-v3.csv,Voting,0.9615,0.6704707560627675,0.8392857142857143,0.5581947743467933,0.7307281917219137
ensemble,NF-ToN-IoT-v3.csv,Stacking,0.9805,0.8466579292267365,0.9444444444444444,0.7672209026128266,0.8669763432892947
