step,dataset,model,acc,f1,precision,recall,ap
baseline,NF-UNSW-NB15-v3.csv,RandomForest,0.9991666666666666,0.9957805907172996,0.9915966386554622,1.0,1.0
baseline,NF-UNSW-NB15-v3.csv,SVM,0.9991666666666666,0.9957446808510638,1.0,0.9915254237288136,0.9999464379259316
baseline,NF-UNSW-NB15-v3.csv,AE,0.895,0.625,0.481651376146789,0.8898305084745762,0.7895296853494688
baseline,NF-UNSW-NB15-v3.csv,LSTM,0.9991666666666666,0.9957805907172996,0.9915966386554622,1.0,0.9999280274540648
baseline,NF-UNSW-NB15-v3.csv,DSFANet,0.9991666666666666,0.9957627118644068,0.9957627118644068,0.9957627118644068,0.9961793785310734
ensemble,NF-UNSW-NB15-v3.csv,Voting,0.9995833333333334,0.9978858350951374,0.9957805907172996,1.0,1.0
ensemble,NF-UNSW-NB15-v3.csv,Stacking,0.9991666666666666,0.9957627118644068,0.9957627118644068,0.9957627118644068,0.9999821211471072
ensemble,NF-UNSW-NB15-v3.csv,XGBoostStacking,0.9991666666666666,0.9957805907172996,0.9915966386554622,1.0,0.9915966386554622
