step,dataset,model,acc,f1,precision,recall,ap
baseline,NF-UNSW-NB15-v3.csv,RandomForest,0.999875,0.9992852037169406,0.9985714285714286,1.0,0.9999959096043017
baseline,NF-UNSW-NB15-v3.csv,SVM,0.999625,0.9978525411596277,0.998567335243553,0.9971387696709585,0.9969243279101747
baseline,NF-UNSW-NB15-v3.csv,AE,0.97675,0.8824273072060683,0.7904869762174406,0.9985693848354793,0.8904221054378697
baseline,NF-UNSW-NB15-v3.csv,LSTM,0.99925,0.9957142857142857,0.9942938659058488,0.9971387696709585,0.9972833178448391
baseline,NF-UNSW-NB15-v3.csv,DSFANet,0.999625,0.9978525411596277,0.998567335243553,0.9971387696709585,0.998260598892213
ensemble,NF-UNSW-NB15-v3.csv,Voting,0.999625,0.9978525411596277,0.998567335243553,0.9971387696709585,0.9995524176437639
ensemble,NF-UNSW-NB15-v3.csv,Stacking,0.999625,0.9978525411596277,0.998567335243553,0.9971387696709585,0.9999898132824159
